first_committed_at	commit	file
2026-08-21T15:20:31+02:00	67abe3ad64	answer-book/questions/ts_ipe_m1a_fn_gof_bijective.json
2026-08-21T15:52:26+02:00	ea8d3e9d4e	answer-book/questions/ts_ipe_m1a_fn_f_finverse_identity.json
2026-08-21T15:52:26+02:00	ea8d3e9d4e	answer-book/questions/ts_ipe_m1a_fn_gof_inverse_reverse.json
2026-08-21T15:52:26+02:00	ea8d3e9d4e	answer-book/questions/ts_ipe_m1a_fn_identity_composition.json
2026-08-21T17:22:34+02:00	ad3e6cc789	answer-book/questions/ts_ipe_m1a_fn_domain_log_x2_minus_4x_plus_3.json
2026-08-21T17:22:34+02:00	ad3e6cc789	answer-book/questions/ts_ipe_m1a_fn_domain_one_over_root_1_minus_x2.json
2026-08-21T17:22:34+02:00	ad3e6cc789	answer-book/questions/ts_ipe_m1a_fn_domain_one_over_root_x2_minus_a2.json
2026-08-21T17:22:34+02:00	ad3e6cc789	answer-book/questions/ts_ipe_m1a_fn_domain_rational_three_factors.json
2026-08-21T17:22:34+02:00	ad3e6cc789	answer-book/questions/ts_ipe_m1a_fn_domain_rational_x2_minus_1_x_plus_3.json
2026-08-21T17:22:34+02:00	ad3e6cc789	answer-book/questions/ts_ipe_m1a_fn_domain_root_16_minus_x2.json
2026-08-21T17:22:34+02:00	ad3e6cc789	answer-book/questions/ts_ipe_m1a_fn_domain_root_4x_minus_x2.json
2026-08-21T17:22:34+02:00	ad3e6cc789	answer-book/questions/ts_ipe_m1a_fn_domain_root_9_minus_x2.json
2026-08-21T17:22:34+02:00	ad3e6cc789	answer-book/questions/ts_ipe_m1a_fn_domain_root_x2_minus_25.json
2026-08-21T17:22:34+02:00	ad3e6cc789	answer-book/questions/ts_ipe_m1a_fn_domain_root_x2_minus_3x_plus_2.json
2026-08-21T17:22:34+02:00	ad3e6cc789	answer-book/questions/ts_ipe_m1a_fn_fog_at_2.json
2026-08-21T17:22:34+02:00	ad3e6cc789	answer-book/questions/ts_ipe_m1a_fn_gof_fog_identity.json
2026-08-21T17:22:34+02:00	ad3e6cc789	answer-book/questions/ts_ipe_m1a_fn_inverse_5_power_x.json
2026-08-21T17:22:34+02:00	ad3e6cc789	answer-book/questions/ts_ipe_m1a_fn_inverse_5x_plus_4.json
2026-08-21T17:22:34+02:00	ad3e6cc789	answer-book/questions/ts_ipe_m1a_fn_inverse_ax_plus_b.json
2026-08-21T17:22:34+02:00	ad3e6cc789	answer-book/questions/ts_ipe_m1a_fn_inverse_log2_x.json
2026-08-21T17:22:34+02:00	ad3e6cc789	answer-book/questions/ts_ipe_m1a_fn_set_two_f_and_f_squared.json
2026-08-21T17:22:34+02:00	ad3e6cc789	answer-book/questions/ts_ipe_m1a_fn_set_two_plus_f_and_root_f.json
2026-08-21T17:22:34+02:00	ad3e6cc789	answer-book/questions/ts_ipe_m1a_fn_surjection_range_cos.json
2026-08-21T17:22:34+02:00	ad3e6cc789	answer-book/questions/ts_ipe_m1a_fn_surjection_range_quadratic.json
2026-08-21T18:45:05+02:00	fd61951ea9	answer-book/questions/ts_ipe_m1a_mi_divisible_2_4_2n1_3_3n1.json
2026-08-21T18:45:05+02:00	fd61951ea9	answer-book/questions/ts_ipe_m1a_mi_divisible_3_5_2n1_2_3n1.json
2026-08-21T18:45:05+02:00	fd61951ea9	answer-book/questions/ts_ipe_m1a_mi_divisible_49n_16n_minus_1.json
2026-08-21T18:45:05+02:00	fd61951ea9	answer-book/questions/ts_ipe_m1a_mi_sum_cubes_over_odds.json
2026-08-21T18:45:05+02:00	fd61951ea9	answer-book/questions/ts_ipe_m1a_mi_sum_n_np1_np2.json
2026-08-21T18:45:05+02:00	fd61951ea9	answer-book/questions/ts_ipe_m1a_mi_sum_of_squares_series.json
2026-08-21T18:45:05+02:00	fd61951ea9	answer-book/questions/ts_ipe_m1a_mi_sum_reciprocal_odd_pairs.json
2026-08-21T18:45:05+02:00	fd61951ea9	answer-book/questions/ts_ipe_m1a_mi_sum_reciprocal_step_three.json
2026-08-21T19:57:18+02:00	0af2952560	answer-book/questions/ts_ipe_m1a_mat_det_1_a2_a3.json
2026-08-21T19:57:18+02:00	0af2952560	answer-book/questions/ts_ipe_m1a_mat_det_a_minus_b_minus_c.json
2026-08-21T19:57:18+02:00	0af2952560	answer-book/questions/ts_ipe_m1a_mat_det_bc_ca_ab_twice.json
2026-08-21T19:57:18+02:00	0af2952560	answer-book/questions/ts_ipe_m1a_mat_det_powers_abc.json
2026-08-21T19:57:18+02:00	0af2952560	answer-book/questions/ts_ipe_m1a_mat_det_square_cyclic.json
2026-08-21T19:57:18+02:00	0af2952560	answer-book/questions/ts_ipe_m1a_mat_det_sum_2c_cube.json
2026-08-21T20:13:30+02:00	d9c52c723b	answer-book/questions/ts_ipe_m1a_mat_cramer_2x_y_3z_9.json
2026-08-21T20:13:30+02:00	d9c52c723b	answer-book/questions/ts_ipe_m1a_mat_cramer_3x_4y_5z_18.json
2026-08-21T20:13:30+02:00	d9c52c723b	answer-book/questions/ts_ipe_m1a_mat_cramer_x_minus_y_3z_5.json
2026-08-21T20:13:30+02:00	d9c52c723b	answer-book/questions/ts_ipe_m1a_mat_cramer_x_y_z_1.json
2026-08-21T20:13:30+02:00	d9c52c723b	answer-book/questions/ts_ipe_m1a_mat_gauss_2x_y_3z_9.json
2026-08-21T20:13:30+02:00	d9c52c723b	answer-book/questions/ts_ipe_m1a_mat_gauss_3x_4y_5z_18.json
2026-08-21T20:13:30+02:00	d9c52c723b	answer-book/questions/ts_ipe_m1a_mat_gauss_infinite_solutions.json
2026-08-21T20:13:30+02:00	d9c52c723b	answer-book/questions/ts_ipe_m1a_mat_gauss_no_solution.json
2026-08-21T20:13:30+02:00	d9c52c723b	answer-book/questions/ts_ipe_m1a_mat_inverse_2x_y_3z_8.json
2026-08-21T20:13:30+02:00	d9c52c723b	answer-book/questions/ts_ipe_m1a_mat_inverse_2x_y_3z_9.json
2026-08-21T20:13:30+02:00	d9c52c723b	answer-book/questions/ts_ipe_m1a_mat_inverse_3x_4y_5z_18.json
2026-08-21T20:22:12+02:00	14fab8b618	answer-book/questions/ts_ipe_m1a_mat_saq_a_cubed_identity.json
2026-08-21T20:22:12+02:00	14fab8b618	answer-book/questions/ts_ipe_m1a_mat_saq_a_squared_minus_4a_minus_5i.json
2026-08-21T20:22:12+02:00	14fab8b618	answer-book/questions/ts_ipe_m1a_mat_saq_adj_inverse_1_0_2.json
2026-08-21T20:22:12+02:00	14fab8b618	answer-book/questions/ts_ipe_m1a_mat_saq_adj_inverse_1_3_3.json
2026-08-21T20:22:12+02:00	14fab8b618	answer-book/questions/ts_ipe_m1a_mat_saq_ai_plus_be_cubed.json
2026-08-21T20:22:12+02:00	14fab8b618	answer-book/questions/ts_ipe_m1a_mat_saq_inverse_2_1_2.json
2026-08-21T20:22:12+02:00	14fab8b618	answer-book/questions/ts_ipe_m1a_mat_saq_inverse_formula_proof.json
2026-08-21T20:22:12+02:00	14fab8b618	answer-book/questions/ts_ipe_m1a_mat_saq_nonsingular_inverse_1_2_1.json
2026-08-21T20:22:12+02:00	14fab8b618	answer-book/questions/ts_ipe_m1a_mat_saq_trig_product_zero.json
2026-08-21T20:42:14+02:00	d40f93065f	answer-book/questions/ts_ipe_m1a_mat_vsaq_3b_minus_2a.json
2026-08-21T20:42:14+02:00	d40f93065f	answer-book/questions/ts_ipe_m1a_mat_vsaq_a_plus_transpose.json
2026-08-21T20:42:14+02:00	d40f93065f	answer-book/questions/ts_ipe_m1a_mat_vsaq_adj_inverse_2x2.json
2026-08-21T20:42:14+02:00	d40f93065f	answer-book/questions/ts_ipe_m1a_mat_vsaq_det_equals_45.json
2026-08-21T20:42:14+02:00	d40f93065f	answer-book/questions/ts_ipe_m1a_mat_vsaq_det_of_squares.json
2026-08-21T20:42:14+02:00	d40f93065f	answer-book/questions/ts_ipe_m1a_mat_vsaq_equality_2x2.json
2026-08-21T20:42:14+02:00	d40f93065f	answer-book/questions/ts_ipe_m1a_mat_vsaq_equality_3x3.json
2026-08-21T20:42:14+02:00	d40f93065f	answer-book/questions/ts_ipe_m1a_mat_vsaq_find_k_nilpotent.json
2026-08-21T20:42:14+02:00	d40f93065f	answer-book/questions/ts_ipe_m1a_mat_vsaq_i_squared.json
2026-08-21T20:42:14+02:00	d40f93065f	answer-book/questions/ts_ipe_m1a_mat_vsaq_inverse_1_2_3_minus5.json
2026-08-21T20:42:14+02:00	d40f93065f	answer-book/questions/ts_ipe_m1a_mat_vsaq_matrix_addition.json
2026-08-21T20:42:14+02:00	d40f93065f	answer-book/questions/ts_ipe_m1a_mat_vsaq_rank_one.json
2026-08-21T20:42:14+02:00	d40f93065f	answer-book/questions/ts_ipe_m1a_mat_vsaq_rank_two.json
2026-08-21T20:42:14+02:00	d40f93065f	answer-book/questions/ts_ipe_m1a_mat_vsaq_reverse_law_transpose.json
2026-08-21T20:42:14+02:00	d40f93065f	answer-book/questions/ts_ipe_m1a_mat_vsaq_skew_symmetric_find_x.json
2026-08-21T20:42:14+02:00	d40f93065f	answer-book/questions/ts_ipe_m1a_mat_vsaq_solve_for_x.json
2026-08-21T20:42:14+02:00	d40f93065f	answer-book/questions/ts_ipe_m1a_mat_vsaq_symmetric_find_x.json
2026-08-21T20:42:14+02:00	d40f93065f	answer-book/questions/ts_ipe_m1a_mat_vsaq_trace.json
2026-08-21T22:08:28+02:00	a2ed3816d2	answer-book/questions/ts_ipe_m1a_mat_saq_inverse_equals_a_cubed.json
2026-08-21T22:08:28+02:00	a2ed3816d2	answer-book/questions/ts_ipe_m1a_mat_saq_inverse_equals_transpose.json
2026-08-21T22:08:28+02:00	a2ed3816d2	answer-book/questions/ts_ipe_m1a_vec_coplanar_2a_3b_minus_c.json
2026-08-21T22:08:28+02:00	a2ed3816d2	answer-book/questions/ts_ipe_m1a_vec_coplanar_6a_2b_minus_c.json
2026-08-21T22:08:28+02:00	a2ed3816d2	answer-book/questions/ts_ipe_m1a_vec_coplanar_find_lambda.json
2026-08-21T22:08:28+02:00	a2ed3816d2	answer-book/questions/ts_ipe_m1a_vec_coplanar_four_points_abc.json
2026-08-21T22:08:28+02:00	a2ed3816d2	answer-book/questions/ts_ipe_m1a_vec_coplanar_four_points_ijk.json
2026-08-21T22:08:28+02:00	a2ed3816d2	answer-book/questions/ts_ipe_m1a_vec_hexagon_sum.json
2026-08-21T22:08:28+02:00	a2ed3816d2	answer-book/questions/ts_ipe_m1a_vec_lines_intersect_a_plus_2b.json
2026-08-21T22:08:28+02:00	a2ed3816d2	answer-book/questions/ts_ipe_m1a_vec_lines_intersect_minus_4c.json
2026-08-21T22:08:28+02:00	a2ed3816d2	answer-book/questions/ts_ipe_m1a_vec_rhombus_vertices.json
2026-08-21T22:08:28+02:00	a2ed3816d2	answer-book/questions/ts_ipe_m1a_vec_right_angled_triangle.json
2026-08-21T22:08:28+02:00	a2ed3816d2	answer-book/questions/ts_ipe_m1a_vec_vsaq_collinear_lambda_mu.json
2026-08-21T22:08:28+02:00	a2ed3816d2	answer-book/questions/ts_ipe_m1a_vec_vsaq_collinear_m_n.json
2026-08-21T22:08:28+02:00	a2ed3816d2	answer-book/questions/ts_ipe_m1a_vec_vsaq_line_point_parallel.json
2026-08-21T22:08:28+02:00	a2ed3816d2	answer-book/questions/ts_ipe_m1a_vec_vsaq_line_two_points.json
2026-08-21T22:08:28+02:00	a2ed3816d2	answer-book/questions/ts_ipe_m1a_vec_vsaq_magnitude_seven.json
2026-08-21T22:08:28+02:00	a2ed3816d2	answer-book/questions/ts_ipe_m1a_vec_vsaq_opposite_unit_vector.json
2026-08-21T22:08:28+02:00	a2ed3816d2	answer-book/questions/ts_ipe_m1a_vec_vsaq_plane_origin_points.json
2026-08-21T22:08:28+02:00	a2ed3816d2	answer-book/questions/ts_ipe_m1a_vec_vsaq_plane_three_points.json
2026-08-21T22:08:28+02:00	a2ed3816d2	answer-book/questions/ts_ipe_m1a_vec_vsaq_unit_vector_2i_3j_k.json
2026-08-21T22:08:28+02:00	a2ed3816d2	answer-book/questions/ts_ipe_m1a_vec_vsaq_unit_vector_a_plus_b.json
2026-08-21T22:47:55+02:00	e13a6b6e34	answer-book/questions/ts_ipe_m1a_pv_axb_cross_cxd.json
2026-08-21T22:47:55+02:00	e13a6b6e34	answer-book/questions/ts_ipe_m1a_pv_axb_dot_bxc.json
2026-08-21T22:47:55+02:00	e13a6b6e34	answer-book/questions/ts_ipe_m1a_pv_distance_ab_cd.json
2026-08-21T22:47:55+02:00	e13a6b6e34	answer-book/questions/ts_ipe_m1a_pv_saq_a_cross_bxc.json
2026-08-21T22:47:55+02:00	e13a6b6e34	answer-book/questions/ts_ipe_m1a_pv_saq_cube_diagonals.json
2026-08-21T22:47:55+02:00	e13a6b6e34	answer-book/questions/ts_ipe_m1a_pv_saq_tetrahedron_edges.json
2026-08-21T22:47:55+02:00	e13a6b6e34	answer-book/questions/ts_ipe_m1a_pv_saq_tetrahedron_vertices.json
2026-08-21T22:47:55+02:00	e13a6b6e34	answer-book/questions/ts_ipe_m1a_pv_saq_triangle_area.json
2026-08-21T22:47:55+02:00	e13a6b6e34	answer-book/questions/ts_ipe_m1a_pv_saq_unit_normal_plane.json
2026-08-21T22:47:55+02:00	e13a6b6e34	answer-book/questions/ts_ipe_m1a_pv_saq_verify_perpendicular.json
2026-08-21T22:47:55+02:00	e13a6b6e34	answer-book/questions/ts_ipe_m1a_pv_skew_lines_distance.json
2026-08-21T22:47:55+02:00	e13a6b6e34	answer-book/questions/ts_ipe_m1a_pv_triple_product_identity.json
2026-08-21T22:47:55+02:00	e13a6b6e34	answer-book/questions/ts_ipe_m1a_pv_triple_product_pair.json
2026-08-21T22:47:55+02:00	e13a6b6e34	answer-book/questions/ts_ipe_m1a_pv_two_triple_products.json
2026-08-21T22:47:55+02:00	e13a6b6e34	answer-book/questions/ts_ipe_m1a_pv_vsaq_angle_between_planes.json
2026-08-21T22:47:55+02:00	e13a6b6e34	answer-book/questions/ts_ipe_m1a_pv_vsaq_angle_between_vectors.json
2026-08-21T22:47:55+02:00	e13a6b6e34	answer-book/questions/ts_ipe_m1a_pv_vsaq_equal_sum_diff_angle.json
2026-08-21T22:47:55+02:00	e13a6b6e34	answer-book/questions/ts_ipe_m1a_pv_vsaq_find_sin_theta.json
2026-08-21T22:47:55+02:00	e13a6b6e34	answer-book/questions/ts_ipe_m1a_pv_vsaq_magnitude_cross_product.json
2026-08-21T22:47:55+02:00	e13a6b6e34	answer-book/questions/ts_ipe_m1a_pv_vsaq_parallelogram_diagonals.json
2026-08-21T22:47:55+02:00	e13a6b6e34	answer-book/questions/ts_ipe_m1a_pv_vsaq_parallelogram_sides.json
2026-08-21T22:47:55+02:00	e13a6b6e34	answer-book/questions/ts_ipe_m1a_pv_vsaq_perpendicular_find_lambda.json
2026-08-21T22:47:55+02:00	e13a6b6e34	answer-book/questions/ts_ipe_m1a_pv_vsaq_perpendicular_quadratic.json
2026-08-21T22:47:55+02:00	e13a6b6e34	answer-book/questions/ts_ipe_m1a_pv_vsaq_sum_diff_perpendicular.json
2026-08-21T22:47:55+02:00	e13a6b6e34	answer-book/questions/ts_ipe_m1a_pv_vsaq_triangle_area_sides.json
2026-08-21T22:47:55+02:00	e13a6b6e34	answer-book/questions/ts_ipe_m1a_pv_vsaq_unit_normal_two_vectors.json
2026-08-22T00:18:47+02:00	dc967ad8b0	answer-book/questions/ts_ipe_m1a_tr_cos_half_squares.json
2026-08-22T00:18:47+02:00	dc967ad8b0	answer-book/questions/ts_ipe_m1a_tr_cos_s_minus_a.json
2026-08-22T00:18:47+02:00	dc967ad8b0	answer-book/questions/ts_ipe_m1a_tr_cos2a_sum.json
2026-08-22T00:18:47+02:00	dc967ad8b0	answer-book/questions/ts_ipe_m1a_tr_cosa_cosb_minus_cosc.json
2026-08-22T00:18:47+02:00	dc967ad8b0	answer-book/questions/ts_ipe_m1a_tr_sin_half_minus_c.json
2026-08-22T00:18:47+02:00	dc967ad8b0	answer-book/questions/ts_ipe_m1a_tr_sin_half_squares.json
2026-08-22T00:18:47+02:00	dc967ad8b0	answer-book/questions/ts_ipe_m1a_tr_sin_s_minus_a.json
2026-08-22T00:18:47+02:00	dc967ad8b0	answer-book/questions/ts_ipe_m1a_tr_sin2a_sum.json
2026-08-22T00:50:48+02:00	3c30382f23	answer-book/questions/ts_ipe_m1a_tr_saq_acos2t_bsin2t.json
2026-08-22T00:50:48+02:00	3c30382f23	answer-book/questions/ts_ipe_m1a_tr_saq_cos_a_2a_4a_8a.json
2026-08-22T00:50:48+02:00	3c30382f23	answer-book/questions/ts_ipe_m1a_tr_saq_cos_fourth_powers.json
2026-08-22T00:50:48+02:00	3c30382f23	answer-book/questions/ts_ipe_m1a_tr_saq_cot_minus_tan.json
2026-08-22T00:50:48+02:00	3c30382f23	answer-book/questions/ts_ipe_m1a_tr_saq_one_over_sin10.json
2026-08-22T00:50:48+02:00	3c30382f23	answer-book/questions/ts_ipe_m1a_tr_saq_product_pi_eight.json
2026-08-22T00:50:48+02:00	3c30382f23	answer-book/questions/ts_ipe_m1a_tr_saq_product_pi_ten.json
2026-08-22T00:50:48+02:00	3c30382f23	answer-book/questions/ts_ipe_m1a_tr_saq_root3_csc20.json
2026-08-22T00:50:48+02:00	3c30382f23	answer-book/questions/ts_ipe_m1a_tr_saq_sin_fourth_powers.json
2026-08-22T00:50:48+02:00	3c30382f23	answer-book/questions/ts_ipe_m1a_tr_saq_tan_plus_cot.json
2026-08-22T00:50:48+02:00	3c30382f23	answer-book/questions/ts_ipe_m1a_tr_vsaq_3sin_4cos_five.json
2026-08-22T00:50:48+02:00	3c30382f23	answer-book/questions/ts_ipe_m1a_tr_vsaq_acos_bsin_c.json
2026-08-22T00:50:48+02:00	3c30382f23	answer-book/questions/ts_ipe_m1a_tr_vsaq_cos340_cos40.json
2026-08-22T00:50:48+02:00	3c30382f23	answer-book/questions/ts_ipe_m1a_tr_vsaq_cos42_cos78_cos162.json
2026-08-22T00:50:48+02:00	3c30382f23	answer-book/questions/ts_ipe_m1a_tr_vsaq_cos48_cos12.json
2026-08-22T00:50:48+02:00	3c30382f23	answer-book/questions/ts_ipe_m1a_tr_vsaq_cos52_sin22.json
2026-08-22T00:50:48+02:00	3c30382f23	answer-book/questions/ts_ipe_m1a_tr_vsaq_cos9_sin9_cot36.json
2026-08-22T00:50:48+02:00	3c30382f23	answer-book/questions/ts_ipe_m1a_tr_vsaq_cosine_period_seven.json
2026-08-22T00:50:48+02:00	3c30382f23	answer-book/questions/ts_ipe_m1a_tr_vsaq_maxmin_3cos_4sin.json
2026-08-22T00:50:48+02:00	3c30382f23	answer-book/questions/ts_ipe_m1a_tr_vsaq_maxmin_3sin_4cos.json
2026-08-22T00:50:48+02:00	3c30382f23	answer-book/questions/ts_ipe_m1a_tr_vsaq_maxmin_with_constant.json
2026-08-22T00:50:48+02:00	3c30382f23	answer-book/questions/ts_ipe_m1a_tr_vsaq_period_cos_3x.json
2026-08-22T00:50:48+02:00	3c30382f23	answer-book/questions/ts_ipe_m1a_tr_vsaq_period_cos_fraction.json
2026-08-22T00:50:48+02:00	3c30382f23	answer-book/questions/ts_ipe_m1a_tr_vsaq_period_sum_squares.json
2026-08-22T00:50:48+02:00	3c30382f23	answer-book/questions/ts_ipe_m1a_tr_vsaq_period_tan5x.json
2026-08-22T00:50:48+02:00	3c30382f23	answer-book/questions/ts_ipe_m1a_tr_vsaq_range_7cos_24sin.json
2026-08-22T00:50:48+02:00	3c30382f23	answer-book/questions/ts_ipe_m1a_tr_vsaq_sin330_cos120.json
2026-08-22T00:50:48+02:00	3c30382f23	answer-book/questions/ts_ipe_m1a_tr_vsaq_sin42_cos78.json
2026-08-22T00:50:48+02:00	3c30382f23	answer-book/questions/ts_ipe_m1a_tr_vsaq_sin50_sin70_sin10.json
2026-08-22T00:50:48+02:00	3c30382f23	answer-book/questions/ts_ipe_m1a_tr_vsaq_sine_period_two_thirds.json
2026-08-22T00:50:48+02:00	3c30382f23	answer-book/questions/ts_ipe_m1a_tr_vsaq_tan160_tan110.json
2026-08-22T00:50:48+02:00	3c30382f23	answer-book/questions/ts_ipe_m1a_tr_vsaq_tan50_tan40.json
2026-08-22T00:50:48+02:00	3c30382f23	answer-book/questions/ts_ipe_m1a_tr_vsaq_tan70_tan20.json
2026-08-22T00:50:48+02:00	3c30382f23	answer-book/questions/ts_ipe_m1a_tr_vsaq_theta_third_quadrant.json
2026-08-22T01:33:58+02:00	30233f8d80	answer-book/questions/ts_ipe_m1a_te_cos2t_cos8t_cos5t.json
2026-08-22T01:33:58+02:00	30233f8d80	answer-book/questions/ts_ipe_m1a_te_one_plus_sin_sq.json
2026-08-22T01:33:58+02:00	30233f8d80	answer-book/questions/ts_ipe_m1a_te_root2_sin_plus_cos.json
2026-08-22T01:33:58+02:00	30233f8d80	answer-book/questions/ts_ipe_m1a_te_root3_sin_minus_cos.json
2026-08-22T01:33:58+02:00	30233f8d80	answer-book/questions/ts_ipe_m1a_te_roots_sin_alpha_beta.json
2026-08-22T01:33:58+02:00	30233f8d80	answer-book/questions/ts_ipe_m1a_te_roots_tan_theta.json
2026-08-22T01:33:58+02:00	30233f8d80	answer-book/questions/ts_ipe_m1a_te_sin_sin5_sin3.json
2026-08-22T01:33:58+02:00	30233f8d80	answer-book/questions/ts_ipe_m1a_te_two_cos_sq_minus_root3.json
2026-08-22T05:29:19+02:00	080456b3e9	answer-book/questions/ts_ipe_m1a_it_cos_sin_tan.json
2026-08-22T05:29:19+02:00	080456b3e9	answer-book/questions/ts_ipe_m1a_it_cos_two_tan_four_tan.json
2026-08-22T05:29:19+02:00	080456b3e9	answer-book/questions/ts_ipe_m1a_it_cos_two_tan_seventh.json
2026-08-22T05:29:19+02:00	080456b3e9	answer-book/questions/ts_ipe_m1a_it_sin_cos_cos.json
2026-08-22T05:29:19+02:00	080456b3e9	answer-book/questions/ts_ipe_m1a_it_sin_plus_two_tan.json
2026-08-22T05:29:19+02:00	080456b3e9	answer-book/questions/ts_ipe_m1a_it_sin_sin_sin.json
2026-08-22T05:29:19+02:00	080456b3e9	answer-book/questions/ts_ipe_m1a_it_tan_half_fifth_eighth.json
2026-08-22T05:29:19+02:00	080456b3e9	answer-book/questions/ts_ipe_m1a_it_tan_three_quarters.json
2026-08-22T05:29:19+02:00	080456b3e9	answer-book/questions/ts_ipe_m1a_it_xy_yz_zx_one.json
2026-08-22T10:33:03+02:00	68c4647579	answer-book/questions/ts_ipe_m1a_hf_cosh_2x_form.json
2026-08-22T10:33:03+02:00	68c4647579	answer-book/questions/ts_ipe_m1a_hf_cosh_five_halves.json
2026-08-22T10:33:03+02:00	68c4647579	answer-book/questions/ts_ipe_m1a_hf_cosh_minus_sinh_n.json
2026-08-22T10:33:03+02:00	68c4647579	answer-book/questions/ts_ipe_m1a_hf_cosh_plus_sinh_n.json
2026-08-22T10:33:03+02:00	68c4647579	answer-book/questions/ts_ipe_m1a_hf_cosh_sq_minus_sinh_sq.json
2026-08-22T10:33:03+02:00	68c4647579	answer-book/questions/ts_ipe_m1a_hf_sinh_five.json
2026-08-22T10:33:03+02:00	68c4647579	answer-book/questions/ts_ipe_m1a_hf_sinh_three.json
2026-08-22T10:33:03+02:00	68c4647579	answer-book/questions/ts_ipe_m1a_hf_sinh_three_quarters.json
2026-08-22T10:33:03+02:00	68c4647579	answer-book/questions/ts_ipe_m1a_hf_tanh_half.json
2026-08-22T10:33:03+02:00	68c4647579	answer-book/questions/ts_ipe_m1a_hf_tanh_quarter.json
2026-08-22T15:35:24+02:00	82347036be	answer-book/questions/ts_ipe_m1a_pt_13_14_15.json
2026-08-22T15:35:24+02:00	82347036be	answer-book/questions/ts_ipe_m1a_pt_a_cos_sq_half.json
2026-08-22T15:35:24+02:00	82347036be	answer-book/questions/ts_ipe_m1a_pt_a_eq_b_minus_c_sec.json
2026-08-22T15:35:24+02:00	82347036be	answer-book/questions/ts_ipe_m1a_pt_a_eq_b_plus_c_cos.json
2026-08-22T15:35:24+02:00	82347036be	answer-book/questions/ts_ipe_m1a_pt_altitudes.json
2026-08-22T15:35:24+02:00	82347036be	answer-book/questions/ts_ipe_m1a_pt_cot_half_ratio.json
2026-08-22T15:35:24+02:00	82347036be	answer-book/questions/ts_ipe_m1a_pt_find_abc_from_r.json
2026-08-22T15:35:24+02:00	82347036be	answer-book/questions/ts_ipe_m1a_pt_prove_345.json
2026-08-22T15:35:24+02:00	82347036be	answer-book/questions/ts_ipe_m1a_pt_r1_over_bc.json
2026-08-22T15:35:24+02:00	82347036be	answer-book/questions/ts_ipe_m1a_pt_ratio_789.json
2026-08-22T15:35:24+02:00	82347036be	answer-book/questions/ts_ipe_m1a_pt_saq_a_sq_cot.json
2026-08-22T15:35:24+02:00	82347036be	answer-book/questions/ts_ipe_m1a_pt_saq_c_is_60.json
2026-08-22T15:35:24+02:00	82347036be	answer-book/questions/ts_ipe_m1a_pt_saq_cos_ab_ratio.json
2026-08-22T15:35:24+02:00	82347036be	answer-book/questions/ts_ipe_m1a_pt_saq_cos_over_a.json
2026-08-22T15:35:24+02:00	82347036be	answer-book/questions/ts_ipe_m1a_pt_saq_cot_half_sum.json
2026-08-22T15:35:24+02:00	82347036be	answer-book/questions/ts_ipe_m1a_pt_saq_cot_ratio_357.json
2026-08-22T15:35:24+02:00	82347036be	answer-book/questions/ts_ipe_m1a_pt_saq_cot_sum.json
2026-08-22T15:35:24+02:00	82347036be	answer-book/questions/ts_ipe_m1a_pt_saq_four_r1r2_sum.json
2026-08-22T15:35:24+02:00	82347036be	answer-book/questions/ts_ipe_m1a_pt_saq_r_r3_r1_minus_r2.json
2026-08-22T15:35:24+02:00	82347036be	answer-book/questions/ts_ipe_m1a_pt_saq_r1_r2_r3_minus_r.json
2026-08-22T15:35:24+02:00	82347036be	answer-book/questions/ts_ipe_m1a_pt_saq_reciprocal_squares.json
2026-08-22T15:35:24+02:00	82347036be	answer-book/questions/ts_ipe_m1a_pt_saq_sec_squared_equal.json
2026-08-22T15:35:24+02:00	82347036be	answer-book/questions/ts_ipe_m1a_pt_sin_theta_a_over_b_plus_c.json
2026-08-22T16:33:16+02:00	0e23186862	answer-book/questions/ts_ipe_m1a_av_sqp_chain_od.json
2026-08-22T16:33:16+02:00	0e23186862	answer-book/questions/ts_ipe_m1a_fn_sqp_bijection_inverse.json
2026-08-22T16:33:16+02:00	0e23186862	answer-book/questions/ts_ipe_m1a_fn_sqp_seven_operations.json
2026-08-22T16:33:16+02:00	0e23186862	answer-book/questions/ts_ipe_m1a_it_sqp_tan_inverse_zero.json
2026-08-22T16:33:16+02:00	0e23186862	answer-book/questions/ts_ipe_m1a_mat_sqp_ab_transpose.json
2026-08-22T16:33:16+02:00	0e23186862	answer-book/questions/ts_ipe_m1a_mat_sqp_adj_three_at.json
2026-08-22T16:33:16+02:00	0e23186862	answer-book/questions/ts_ipe_m1a_mat_sqp_construct_3x2.json
2026-08-22T16:33:16+02:00	0e23186862	answer-book/questions/ts_ipe_m1a_mat_sqp_i_squared_minus_i.json
2026-08-22T16:33:16+02:00	0e23186862	answer-book/questions/ts_ipe_m1a_mat_sqp_omega_determinant.json
2026-08-22T16:33:16+02:00	0e23186862	answer-book/questions/ts_ipe_m1a_mat_sqp_rank_test.json
2026-08-22T16:33:16+02:00	0e23186862	answer-book/questions/ts_ipe_m1a_mat_sqp_rotation_inverse.json
2026-08-22T16:33:16+02:00	0e23186862	answer-book/questions/ts_ipe_m1a_mat_sqp_scalar_fourth_power.json
2026-08-22T16:33:16+02:00	0e23186862	answer-book/questions/ts_ipe_m1a_mat_sqp_transpose_inverse.json
2026-08-22T16:33:16+02:00	0e23186862	answer-book/questions/ts_ipe_m1a_mi_sqp_gp_sum.json
2026-08-22T16:33:16+02:00	0e23186862	answer-book/questions/ts_ipe_m1a_mi_sqp_product_squares.json
2026-08-22T16:33:16+02:00	0e23186862	answer-book/questions/ts_ipe_m1a_pv_sqp_box_product_square.json
2026-08-22T16:33:16+02:00	0e23186862	answer-book/questions/ts_ipe_m1a_pv_sqp_parallelogram_diagonals.json
2026-08-22T16:33:16+02:00	0e23186862	answer-book/questions/ts_ipe_m1a_pv_sqp_projection_vector.json
2026-08-22T16:33:16+02:00	0e23186862	answer-book/questions/ts_ipe_m1a_pv_sqp_sin_theta_ij_jk.json
2026-08-22T16:33:16+02:00	0e23186862	answer-book/questions/ts_ipe_m1a_pv_sqp_twice_triangle_area.json
2026-08-22T16:33:16+02:00	0e23186862	answer-book/questions/ts_ipe_m1a_pv_sqp_unit_normal_pqr.json
2026-08-22T16:33:16+02:00	0e23186862	answer-book/questions/ts_ipe_m1a_te_sqp_cot_quadratic.json
2026-08-22T16:33:16+02:00	0e23186862	answer-book/questions/ts_ipe_m1a_te_sqp_sin_plus_root3_cos.json
2026-08-22T16:33:16+02:00	0e23186862	answer-book/questions/ts_ipe_m1a_tr_sqp_cos_double_half_pi.json
2026-08-22T16:33:16+02:00	0e23186862	answer-book/questions/ts_ipe_m1a_tr_sqp_cos_s_minus.json
2026-08-22T16:33:16+02:00	0e23186862	answer-book/questions/ts_ipe_m1a_tr_sqp_cos_sq_eighths.json
2026-08-22T16:33:16+02:00	0e23186862	answer-book/questions/ts_ipe_m1a_tr_sqp_cos_sq_tenths.json
2026-08-22T16:33:16+02:00	0e23186862	answer-book/questions/ts_ipe_m1a_tr_sqp_cot_product_one.json
2026-08-22T16:33:16+02:00	0e23186862	answer-book/questions/ts_ipe_m1a_tr_sqp_sin_a_b_minus_c.json
2026-08-22T16:33:16+02:00	0e23186862	answer-book/questions/ts_ipe_m1a_tr_sqp_sin_double_zero_sum.json
2026-08-22T16:33:16+02:00	0e23186862	answer-book/questions/ts_ipe_m1a_tr_sqp_sin_four_fifths.json
2026-08-22T16:33:16+02:00	0e23186862	answer-book/questions/ts_ipe_m1a_tr_sqp_sin_minus_third.json
2026-08-22T16:33:16+02:00	0e23186862	answer-book/questions/ts_ipe_m1a_tr_sqp_sin_sq_sum.json
2026-08-22T16:33:16+02:00	0e23186862	answer-book/questions/ts_ipe_m1a_tr_sqp_sin_squared_diff.json
2026-08-24T04:24:27+02:00	b80a87382d	answer-book/questions/ts_ipe_m1b_dc_angle_3l_plus_m_plus_5n.json
2026-08-24T04:24:27+02:00	b80a87382d	answer-book/questions/ts_ipe_m1b_dc_angle_between_cube_diagonals.json
2026-08-24T04:24:27+02:00	b80a87382d	answer-book/questions/ts_ipe_m1b_dc_angle_l_plus_m_plus_n.json
2026-08-24T04:24:27+02:00	b80a87382d	answer-book/questions/ts_ipe_m1b_dc_dcs_l_minus_5m_plus_3n.json
2026-08-24T04:24:27+02:00	b80a87382d	answer-book/questions/ts_ipe_m1b_dc_dcs_l_plus_m_plus_n_mn.json
2026-08-24T04:24:27+02:00	b80a87382d	answer-book/questions/ts_ipe_m1b_dc_four_diagonals_cos_squares.json
2026-08-24T04:24:27+02:00	b80a87382d	answer-book/questions/ts_ipe_m1b_dc_perpendicular_proof.json
2026-08-24T04:24:27+02:00	b80a87382d	answer-book/questions/ts_ipe_m1b_loc_area_2_3_minus3_4_eight_point_five.json
2026-08-24T04:24:27+02:00	b80a87382d	answer-book/questions/ts_ipe_m1b_loc_area_5_3_3_minus2_nine.json
2026-08-24T04:24:27+02:00	b80a87382d	answer-book/questions/ts_ipe_m1b_loc_diff_distances_4_0_minus4_0_four.json
2026-08-24T04:24:27+02:00	b80a87382d	answer-book/questions/ts_ipe_m1b_loc_diff_distances_minus5_0_5_0_eight.json
2026-08-24T04:24:27+02:00	b80a87382d	answer-book/questions/ts_ipe_m1b_loc_distance_twice_3_0_minus3_0.json
2026-08-24T04:24:27+02:00	b80a87382d	answer-book/questions/ts_ipe_m1b_loc_pa2_pb2_twice_pc2.json
2026-08-24T04:24:27+02:00	b80a87382d	answer-book/questions/ts_ipe_m1b_loc_ratio_2_3_2_minus3_two_three.json
2026-08-24T04:24:27+02:00	b80a87382d	answer-book/questions/ts_ipe_m1b_loc_right_angle_2_3_minus1_5.json
2026-08-24T04:24:27+02:00	b80a87382d	answer-book/questions/ts_ipe_m1b_loc_right_angle_4_0_0_4.json
2026-08-24T04:24:27+02:00	b80a87382d	answer-book/questions/ts_ipe_m1b_loc_right_angle_hypotenuse_0_6_6_0.json
2026-08-24T04:24:27+02:00	b80a87382d	answer-book/questions/ts_ipe_m1b_loc_sum_distances_0_2_0_minus2_six.json
2026-08-24T04:24:27+02:00	b80a87382d	answer-book/questions/ts_ipe_m1b_loc_sum_distances_2_3_2_minus3_eight.json
2026-08-24T04:24:27+02:00	b80a87382d	answer-book/questions/ts_ipe_m1b_pl_angular_bisectors_proof.json
2026-08-24T04:24:27+02:00	b80a87382d	answer-book/questions/ts_ipe_m1b_pl_area_triangle_proof.json
2026-08-24T04:24:27+02:00	b80a87382d	answer-book/questions/ts_ipe_m1b_pl_check_2x2_minus_13xy.json
2026-08-24T04:24:27+02:00	b80a87382d	answer-book/questions/ts_ipe_m1b_pl_check_3x2_7xy_2y2.json
2026-08-24T04:24:27+02:00	b80a87382d	answer-book/questions/ts_ipe_m1b_pl_chord_coincident_condition.json
2026-08-24T04:24:27+02:00	b80a87382d	answer-book/questions/ts_ipe_m1b_pl_chord_right_angle_condition.json
2026-08-24T04:24:27+02:00	b80a87382d	answer-book/questions/ts_ipe_m1b_pl_homog_angle_3x_minus_y_plus_1.json
2026-08-24T04:24:27+02:00	b80a87382d	answer-book/questions/ts_ipe_m1b_pl_homog_find_k_perpendicular.json
2026-08-24T04:24:27+02:00	b80a87382d	answer-book/questions/ts_ipe_m1b_pl_homog_perpendicular_7x2_minus_4xy.json
2026-08-24T04:24:27+02:00	b80a87382d	answer-book/questions/ts_ipe_m1b_pl_homog_perpendicular_x2_minus_xy.json
2026-08-24T04:24:27+02:00	b80a87382d	answer-book/questions/ts_ipe_m1b_pl_pair_conditions_proof.json
2026-08-24T04:24:27+02:00	b80a87382d	answer-book/questions/ts_ipe_m1b_pl_parallel_lines_conditions_proof.json
2026-08-24T04:24:27+02:00	b80a87382d	answer-book/questions/ts_ipe_m1b_pl_product_perpendiculars_proof.json
2026-08-24T04:24:27+02:00	b80a87382d	answer-book/questions/ts_ipe_m1b_pl_sqp_centroid_and_area.json
2026-08-24T04:24:27+02:00	b80a87382d	answer-book/questions/ts_ipe_m1b_pl_sqp_product_perpendiculars_origin.json
2026-08-24T04:24:27+02:00	b80a87382d	answer-book/questions/ts_ipe_m1b_pln_angle_2x_minus_y_plus_z.json
2026-08-24T04:24:27+02:00	b80a87382d	answer-book/questions/ts_ipe_m1b_pln_angle_x_2y_2z.json
2026-08-24T04:24:27+02:00	b80a87382d	answer-book/questions/ts_ipe_m1b_pln_dcs_of_normal.json
2026-08-24T04:24:27+02:00	b80a87382d	answer-book/questions/ts_ipe_m1b_pln_from_intercepts_1_2_4.json
2026-08-24T04:24:27+02:00	b80a87382d	answer-book/questions/ts_ipe_m1b_pln_from_intercepts_2_3_4.json
2026-08-24T04:24:27+02:00	b80a87382d	answer-book/questions/ts_ipe_m1b_pln_intercept_form_4x_4y_2z.json
2026-08-24T04:24:27+02:00	b80a87382d	answer-book/questions/ts_ipe_m1b_pln_intercepts_4x_3y_2z.json
2026-08-24T04:24:27+02:00	b80a87382d	answer-book/questions/ts_ipe_m1b_pln_intercepts_x_minus_3y_2z.json
2026-08-24T04:24:27+02:00	b80a87382d	answer-book/questions/ts_ipe_m1b_pln_normal_form_x_2y_3z.json
2026-08-24T04:24:27+02:00	b80a87382d	answer-book/questions/ts_ipe_m1b_pln_parallel_through_1_1_1.json
2026-08-24T04:24:27+02:00	b80a87382d	answer-book/questions/ts_ipe_m1b_pln_parallel_through_1_2_minus3.json
2026-08-24T04:24:27+02:00	b80a87382d	answer-book/questions/ts_ipe_m1b_sl_angle_45_find_k.json
2026-08-24T04:24:27+02:00	b80a87382d	answer-book/questions/ts_ipe_m1b_sl_circumcentre_1_3_0_minus2_minus3_1.json
2026-08-24T04:24:27+02:00	b80a87382d	answer-book/questions/ts_ipe_m1b_sl_circumcentre_1_3_minus3_5_5_minus1.json
2026-08-24T04:24:27+02:00	b80a87382d	answer-book/questions/ts_ipe_m1b_sl_circumcentre_from_sides_3x_y_5.json
2026-08-24T04:24:27+02:00	b80a87382d	answer-book/questions/ts_ipe_m1b_sl_circumcentre_from_sides_x_y_2.json
2026-08-24T04:24:27+02:00	b80a87382d	answer-book/questions/ts_ipe_m1b_sl_circumcentre_minus2_3_2_minus1_4_0.json
2026-08-24T04:24:27+02:00	b80a87382d	answer-book/questions/ts_ipe_m1b_sl_concurrent_cubes_proof.json
2026-08-24T04:24:27+02:00	b80a87382d	answer-book/questions/ts_ipe_m1b_sl_concurrent_find_k.json
2026-08-24T04:24:27+02:00	b80a87382d	answer-book/questions/ts_ipe_m1b_sl_concurrent_find_p.json
2026-08-24T04:24:27+02:00	b80a87382d	answer-book/questions/ts_ipe_m1b_sl_concurrent_point_of_concurrency.json
2026-08-24T04:24:27+02:00	b80a87382d	answer-book/questions/ts_ipe_m1b_sl_foot_of_perpendicular_proof.json
2026-08-24T04:24:27+02:00	b80a87382d	answer-book/questions/ts_ipe_m1b_sl_image_of_point_proof.json
2026-08-24T04:24:27+02:00	b80a87382d	answer-book/questions/ts_ipe_m1b_sl_normal_form_intercepts.json
2026-08-24T04:24:27+02:00	b80a87382d	answer-book/questions/ts_ipe_m1b_sl_orthocentre_5_minus2_minus1_2_1_4.json
2026-08-24T04:24:27+02:00	b80a87382d	answer-book/questions/ts_ipe_m1b_sl_orthocentre_from_sides_7x_y_10.json
2026-08-24T04:24:27+02:00	b80a87382d	answer-book/questions/ts_ipe_m1b_sl_orthocentre_from_sides_x_y_10.json
2026-08-24T04:24:27+02:00	b80a87382d	answer-book/questions/ts_ipe_m1b_sl_orthocentre_minus2_minus1_6_minus1_2_5.json
2026-08-24T04:24:27+02:00	b80a87382d	answer-book/questions/ts_ipe_m1b_sl_orthocentre_minus5_minus7_13_2_minus5_6.json
2026-08-24T04:24:27+02:00	b80a87382d	answer-book/questions/ts_ipe_m1b_sl_parallel_through_intersection.json
2026-08-24T04:24:27+02:00	b80a87382d	answer-book/questions/ts_ipe_m1b_sl_parametric_distance_pi_over_6.json
2026-08-24T04:24:27+02:00	b80a87382d	answer-book/questions/ts_ipe_m1b_sl_parametric_distance_slope_one.json
2026-08-24T04:24:27+02:00	b80a87382d	answer-book/questions/ts_ipe_m1b_sl_perpendicular_through_intersection.json
2026-08-24T04:24:27+02:00	b80a87382d	answer-book/questions/ts_ipe_m1b_sl_points_at_distance_five.json
2026-08-24T04:24:27+02:00	b80a87382d	answer-book/questions/ts_ipe_m1b_sl_sqp_angle_with_y_axis.json
2026-08-24T04:24:27+02:00	b80a87382d	answer-book/questions/ts_ipe_m1b_sl_sqp_parallel_find_k.json
2026-08-24T04:24:27+02:00	b80a87382d	answer-book/questions/ts_ipe_m1b_sl_sqp_perpendicular_find_p.json
2026-08-24T04:24:27+02:00	b80a87382d	answer-book/questions/ts_ipe_m1b_sl_vsaq_area_find_a.json
2026-08-24T04:24:27+02:00	b80a87382d	answer-book/questions/ts_ipe_m1b_sl_vsaq_area_with_axes.json
2026-08-24T04:24:27+02:00	b80a87382d	answer-book/questions/ts_ipe_m1b_sl_vsaq_concurrent_find_p.json
2026-08-24T04:24:27+02:00	b80a87382d	answer-book/questions/ts_ipe_m1b_sl_vsaq_equal_intercepts.json
2026-08-24T04:24:27+02:00	b80a87382d	answer-book/questions/ts_ipe_m1b_sl_vsaq_intercepts_sum_zero_2_3.json
2026-08-24T04:24:27+02:00	b80a87382d	answer-book/questions/ts_ipe_m1b_sl_vsaq_intercepts_sum_zero_minus2_4.json
2026-08-24T04:24:27+02:00	b80a87382d	answer-book/questions/ts_ipe_m1b_sl_vsaq_normal_form_3x_4y_12.json
2026-08-24T04:24:27+02:00	b80a87382d	answer-book/questions/ts_ipe_m1b_sl_vsaq_normal_form_x_y_1.json
2026-08-24T04:24:27+02:00	b80a87382d	answer-book/questions/ts_ipe_m1b_sl_vsaq_parallel_distance_3x_4y.json
2026-08-24T04:24:27+02:00	b80a87382d	answer-book/questions/ts_ipe_m1b_sl_vsaq_parallel_distance_5x_3y.json
2026-08-24T04:24:27+02:00	b80a87382d	answer-book/questions/ts_ipe_m1b_sl_vsaq_parallel_find_y.json
2026-08-24T04:24:27+02:00	b80a87382d	answer-book/questions/ts_ipe_m1b_sl_vsaq_parallel_through_5_4.json
2026-08-24T04:24:27+02:00	b80a87382d	answer-book/questions/ts_ipe_m1b_sl_vsaq_perpendicular_through_4_minus3.json
2026-08-24T04:24:27+02:00	b80a87382d	answer-book/questions/ts_ipe_m1b_sl_vsaq_ratio_divides_0_0_minus2_1.json
2026-08-24T04:24:27+02:00	b80a87382d	answer-book/questions/ts_ipe_m1b_sl_vsaq_ratio_divides_2_3_2_10.json
2026-08-24T04:24:27+02:00	b80a87382d	answer-book/questions/ts_ipe_m1b_sl_vsaq_slope_find_x.json
2026-08-24T04:24:27+02:00	b80a87382d	answer-book/questions/ts_ipe_m1b_sl_vsaq_transform_4x_minus_3y_12.json
2026-08-24T04:24:27+02:00	b80a87382d	answer-book/questions/ts_ipe_m1b_sl_vsaq_transform_root3x_plus_y_4.json
2026-08-24T04:24:27+02:00	b80a87382d	answer-book/questions/ts_ipe_m1b_ta_angle_removing_xy_term.json
2026-08-24T04:24:27+02:00	b80a87382d	answer-book/questions/ts_ipe_m1b_ta_rotate_45_find_original.json
2026-08-24T04:24:27+02:00	b80a87382d	answer-book/questions/ts_ipe_m1b_ta_rotate_alpha_normal_form.json
2026-08-24T04:24:27+02:00	b80a87382d	answer-book/questions/ts_ipe_m1b_ta_rotate_pi_over_4.json
2026-08-24T04:24:27+02:00	b80a87382d	answer-book/questions/ts_ipe_m1b_ta_rotate_pi_over_6.json
2026-08-24T04:24:27+02:00	b80a87382d	answer-book/questions/ts_ipe_m1b_ta_shift_2_3_find_original.json
2026-08-24T04:24:27+02:00	b80a87382d	answer-book/questions/ts_ipe_m1b_ta_shift_minus1_2_circle.json
2026-08-24T04:24:27+02:00	b80a87382d	answer-book/questions/ts_ipe_m1b_ta_shift_minus1_2_ellipse.json
2026-08-24T04:24:27+02:00	b80a87382d	answer-book/questions/ts_ipe_m1b_ta_sqp_shift_3_minus4_find_original.json
2026-08-24T04:24:27+02:00	b80a87382d	answer-book/questions/ts_ipe_m1b_td_collinear_1_2_3.json
2026-08-24T04:24:27+02:00	b80a87382d	answer-book/questions/ts_ipe_m1b_td_collinear_5_4_2.json
2026-08-24T04:24:27+02:00	b80a87382d	answer-book/questions/ts_ipe_m1b_td_equilateral_triangle.json
2026-08-24T04:24:27+02:00	b80a87382d	answer-book/questions/ts_ipe_m1b_td_fourth_vertex_parallelogram.json
2026-08-24T04:24:27+02:00	b80a87382d	answer-book/questions/ts_ipe_m1b_td_fourth_vertex_tetrahedron.json
2026-08-24T04:24:27+02:00	b80a87382d	answer-book/questions/ts_ipe_m1b_td_sqp_collinear_and_ratio.json
2026-08-24T04:24:27+02:00	b80a87382d	answer-book/questions/ts_ipe_m1b_td_sqp_distance_find_x.json
2026-08-24T04:24:27+02:00	b80a87382d	answer-book/questions/ts_ipe_m1b_td_vertex_c_centroid_origin.json
2026-08-24T04:24:27+02:00	b80a87382d	answer-book/questions/ts_ipe_m1b_td_xz_plane_ratio.json
2026-08-24T04:24:27+02:00	b80a87382d	answer-book/questions/ts_ipe_m1b_td_yz_plane_ratio.json
